[[{"name": "South Korea", "latitude": "36.638392", "longitude": "127.6961188", "RAG_estimated": true}, {"name": "Taichung", "latitude": "24.163162", "longitude": "120.6478282", "RAG_estimated": true}, {"name": "Jeju Island", "latitude": "33.38034745", "longitude": "126.54825445912047", "RAG_estimated": true}, {"name": "Incheon", "latitude": "37.456", "longitude": "126.7052", "RAG_estimated": true}, {"name": "Taichung International Airport", "latitude": "24.2555257", "longitude": "120.60041539698258", "RAG_estimated": true}, {"name": "Incheon Airport", "latitude": "37.4634593", "longitude": "126.44170925544927", "RAG_estimated": true}], [{"name": "Flatiron", "latitude": 40.741059199999995, "longitude": -73.98964162240998, "RAG_estimated": true}, {"name": "Ireland", "latitude": "53.41523525", "longitude": "-7.966595219444855", "RAG_estimated": true}, {"name": "New York", "latitude": "40.7127281", "longitude": "-74.0060152", "RAG_estimated": true}, {"name": "O Connell Street", "latitude": "52.664465", "longitude": "8.6259766", "RAG_estimated": "true"}, {"name": "Dublin", "latitude": "53.3493795", "longitude": "-6.2605593", "RAG_estimated": true}, {"name": "Lithuanian", "latitude": 55.0, "longitude": 24.0, "RAG_estimated": false}, {"name": "New York City", "latitude": "40.7127281", "longitude": "-74.0060152", "RAG_estimated": true}], [{"name": "Russian", "latitude": "64.6863136", "longitude": "97.7453061", "RAG_estimated": true}, {"name": "Moscow", "latitude": "55.7505412", "longitude": "37.6174782", "RAG_estimated": true}, {"name": "Tajikistan", "latitude": "38.6281733", "longitude": "70.8156541", "RAG_estimated": true}, {"name": "Rostov-on-Don", "latitude": "47.2610441", "longitude": "39.72490856518773", "RAG_estimated": true}], [{"name": "Saratoga", "latitude": "43.0833231", "longitude": "-73.8712155", "RAG_estimated": true}, {"name": "Kentucky", "latitude": "37.5726028", "longitude": "-85.1551411", "RAG_estimated": true}, {"name": "Kentucky Downs", "latitude": "36.4145", "longitude": "-86.9942", "RAG_estimated": false}], [{"name": "Jiangsu", "latitude": "33.0000001", "longitude": "119.9999999", "RAG_estimated": true}, {"name": "Changshu", "latitude": "31.6572954", "longitude": "120.7480757", "RAG_estimated": true}], [], [{"name": "Senegal", "latitude": "14.4750607", "longitude": "-14.4529612", "RAG_estimated": true}, {"name": "Dakar", "latitude": "14.693425", "longitude": "-17.447938", "RAG_estimated": true}, {"name": "Cape Town", "latitude": "-33.928992", "longitude": "18.417396", "RAG_estimated": true}, {"name": "Rivers", "latitude": "4.8416028", "longitude": "6.8604088", "RAG_estimated": true}, {"name": "US", "latitude": "39.7837304", "longitude": "-100.445882", "RAG_estimated": true}], [{"name": "Jepara", "latitude": "-6.5899148", "longitude": "110.6672987", "RAG_estimated": true}, {"name": "China", "latitude": "35.000074", "longitude": "104.999927", "RAG_estimated": true}, {"name": "Situbondo", "latitude": "-7.7067843", "longitude": "114.0054142", "RAG_estimated": true}, {"name": "Lombok", "latitude": "-8.58356375", "longitude": "116.35808185429117", "RAG_estimated": true}, {"name": "Indonesia", "latitude": "-2.4833826", "longitude": "117.8902853", "RAG_estimated": true}, {"name": "Jakarta", "latitude": "-6.175247", "longitude": "106.8270488", "RAG_estimated": true}, {"name": "Bali", "latitude": "-8.2271303", "longitude": "115.1919203", "RAG_estimated": true}, {"name": "Korea", "latitude": "36.638392", "longitude": "127.6961188", "RAG_estimated": true}, {"name": "Japan", "latitude": "36.5748441", "longitude": "139.2394179", "RAG_estimated": true}, {"name": "Lampung", "latitude": "-4.8555039", "longitude": "105.0272986", "RAG_estimated": true}, {"name": "Joko Widodo", "latitude": "-7.58117515", "longitude": "110.83906372240827", "RAG_estimated": true}], [{"name": "Riau Archipelago", "latitude": 1.0, "longitude": 104.0, "RAG_estimated": false}, {"name": "Singapore", "latitude": "1.2899175", "longitude": "103.8519072", "RAG_estimated": true}, {"name": "Harbour Bay", "latitude": "1.1530074", "longitude": "103.9995883", "RAG_estimated": true}, {"name": "Batam", "latitude": "1.1030815", "longitude": "104.0383696", "RAG_estimated": true}, {"name": "Indonesia", "latitude": "-2.4833826", "longitude": "117.8902853", "RAG_estimated": true}, {"name": "Batam Island", "latitude": "1.1328928", "longitude": "104.0630687", "RAG_estimated": true}], [{"name": "Iran", "latitude": "32.6475314", "longitude": "54.5643516", "RAG_estimated": true}, {"name": "Rafah", "latitude": "31.2752047", "longitude": "34.2558269", "RAG_estimated": true}, {"name": "Israel", "latitude": "30.8124247", "longitude": "34.8594762", "RAG_estimated": true}, {"name": "Syria", "latitude": "34.6401861", "longitude": "39.0494106", "RAG_estimated": true}, {"name": "Hezbollah", "latitude": 0, "longitude": 0, "RAG_estimated": false}, {"name": "Natanz", "latitude": "33.7251062", "longitude": "51.72417944455617", "RAG_estimated": true}, {"name": "Lebanon", "latitude": "40.375713", "longitude": "-76.4626118", "RAG_estimated": true}, {"name": "D.C.", "latitude": "38.89384735", "longitude": "-76.98804281910948", "RAG_estimated": true}, {"name": "Isfahan", "latitude": "33.1881386", "longitude": "52.4981635", "RAG_estimated": true}], [{"name": "Pacific", "latitude": 46.5334929, "longitude": -123.768029, "RAG_estimated": true}, {"name": "Peru", "latitude": -6.8699697, "longitude": -75.0458515, "RAG_estimated": true}, {"name": "Arequipa", "latitude": "-16.0", "longitude": "-72.25", "RAG_estimated": true}], [{"name": "China", "latitude": "35.000074", "longitude": "104.999927", "RAG_estimated": true}, {"name": "Mianyang", "latitude": "31.4602714", "longitude": "104.7160723", "RAG_estimated": true}, {"name": "Sichuan", "latitude": "30.5000001", "longitude": "102.4999999", "RAG_estimated": true}, {"name": "FJR", "latitude": 30.1, "longitude": 104.4, "RAG_estimated": false}, {"name": "Fujiang River", "latitude": "30.4018408", "longitude": "105.7525374", "RAG_estimated": true}], [{"name": "China", "latitude": "35.000074", "longitude": "104.999927", "RAG_estimated": true}, {"name": "Gansu", "latitude": "38.0000001", "longitude": "101.9999999", "RAG_estimated": true}, {"name": "Charleston", "latitude": "32.7884363", "longitude": "-79.9399309", "RAG_estimated": true}, {"name": "South Carolina", "latitude": "33.6874388", "longitude": "-80.4363743", "RAG_estimated": true}, {"name": "US", "latitude": "39.7837304", "longitude": "-100.445882", "RAG_estimated": true}, {"name": "Wuwei", "latitude": "37.928881", "longitude": "102.6359886", "RAG_estimated": true}, {"name": "Northwest China", "latitude": 41.7, "longitude": 89.1, "RAG_estimated": false}, {"name": "Liangzhou", "latitude": "37.9285771", "longitude": "102.6403498", "RAG_estimated": true}], [{"name": "China", "latitude": "35.000074", "longitude": "104.999927", "RAG_estimated": true}, {"name": "U.S.", "latitude": 39.76, "longitude": -98.5, "RAG_estimated": false}, {"name": "United States", "latitude": "39.7837304", "longitude": "-100.445882", "RAG_estimated": true}, {"name": "Washington", "latitude": "38.8950368", "longitude": "-77.0365427", "RAG_estimated": true}, {"name": "Xinjiang", "latitude": "42.4804953", "longitude": "85.4633464", "RAG_estimated": true}], [{"name": "Dong xe8 County", "latitude": "36.3337944", "longitude": "116.2591454", "RAG_estimated": "true"}, {"name": "Yanggu County", "latitude": "36.1142991", "longitude": "115.7857865", "RAG_estimated": true}, {"name": "Guanzhou", "latitude": "28.555004", "longitude": "108.342278", "RAG_estimated": true}, {"name": "Shandong", "latitude": "36.398987", "longitude": "118.5055691", "RAG_estimated": true}, {"name": "Liaocheng City", "latitude": "36.693053", "longitude": "113.5273987", "RAG_estimated": true}, {"name": "Linqing", "latitude": "36.8459198", "longitude": "115.7118439", "RAG_estimated": true}, {"name": "Gaotang", "latitude": "36.854444", "longitude": "116.268056", "RAG_estimated": true}, {"name": "Liaocheng", "latitude": "36.4441808", "longitude": "115.9642007", "RAG_estimated": true}], [{"name": "Maputo", "latitude": "-25.966213", "longitude": "32.56745", "RAG_estimated": true}, {"name": "Mozambique", "latitude": "-19.302233", "longitude": "34.9144977", "RAG_estimated": true}, {"name": "Cabo Delgado", "latitude": "-12.4254942", "longitude": "39.4168743", "RAG_estimated": true}, {"name": "Russia", "latitude": "64.6863136", "longitude": "97.7453061", "RAG_estimated": true}], [{"name": "Sudan", "latitude": "14.5844444", "longitude": "29.4917691", "RAG_estimated": true}, {"name": "Khartoum", "latitude": "15.5635972", "longitude": "32.5349123", "RAG_estimated": true}], [{"name": "Brevard County", "latitude": "28.2100203", "longitude": "-80.7997185", "RAG_estimated": true}, {"name": "Rockledge", "latitude": "28.330831", "longitude": "-80.7349162", "RAG_estimated": true}, {"name": "Florida", "latitude": "27.7567667", "longitude": "-81.4639835", "RAG_estimated": true}, {"name": "Melbourne", "latitude": "28.106471", "longitude": "-80.6371513", "RAG_estimated": true}], [{"name": "Foothill Boulevard", "latitude": "34.2600544", "longitude": "-118.3228977", "RAG_estimated": true}, {"name": "Monrovia", "latitude": "34.1483499", "longitude": "-118.0014517", "RAG_estimated": true}, {"name": "Mountain Avenue", "latitude": "34.1356702", "longitude": "-117.9864236", "RAG_estimated": true}], [{"name": "Zambians", "latitude": -14.25, "longitude": 27.0, "RAG_estimated": false}, {"name": "Cameroon", "latitude": "4.6125522", "longitude": "13.1535811", "RAG_estimated": true}, {"name": "Peru", "latitude": 10, "longitude": -75, "RAG_estimated": false}, {"name": "Lusaka", "latitude": "-15.4163395", "longitude": "28.2818414", "RAG_estimated": true}, {"name": "Singapore", "latitude": "1.2899175", "longitude": "103.8519072", "RAG_estimated": true}, {"name": "Zambia", "latitude": "-14.5189121", "longitude": "27.5589884", "RAG_estimated": true}, {"name": "Chinese", "latitude": 0, "longitude": 0, "RAG_estimated": false}, {"name": "United Arab Emirates", "latitude": "24.0002488", "longitude": "53.9994829", "RAG_estimated": true}], [{"name": "Guinea", "latitude": "10.7226226", "longitude": "-10.7083587", "RAG_estimated": true}, {"name": "Conakry", "latitude": "9.5170602", "longitude": "-13.6998434", "RAG_estimated": true}, {"name": "Paris", "latitude": "48.8588897", "longitude": "2.3200410217200766", "RAG_estimated": true}], [{"name": "HUANGHAI", "latitude": "32.0452126", "longitude": "120.7918803", "RAG_estimated": true}], [{"name": "Uttar Pradesh", "latitude": "27.1303344", "longitude": "80.859666", "RAG_estimated": true}, {"name": "Meerut", "latitude": "28.9826533", "longitude": "77.7081013", "RAG_estimated": true}, {"name": "India", "latitude": "22.3511148", "longitude": "78.6677428", "RAG_estimated": true}], [{"name": "Damascus", "latitude": "33.5130695", "longitude": "36.3095814", "RAG_estimated": true}, {"name": "Syria", "latitude": "34.6401861", "longitude": "39.0494106", "RAG_estimated": true}, {"name": "Rafah", "latitude": "31.2752047", "longitude": "34.2558269", "RAG_estimated": true}, {"name": "Gaza", "latitude": "31.5128679", "longitude": "34.4581358", "RAG_estimated": true}, {"name": "Ankara", "latitude": "39.9207759", "longitude": "32.8540497", "RAG_estimated": true}, {"name": "Iran", "latitude": "32.6475314", "longitude": "54.5643516", "RAG_estimated": true}, {"name": "Syrian", "latitude": "34.815353599999995", "longitude": "38.42307447267531", "RAG_estimated": true}, {"name": "Moscow", "latitude": "55.7505412", "longitude": "37.6174782", "RAG_estimated": true}, {"name": "Lebanon", "latitude": 33.8750629, "longitude": 35.843409, "RAG_estimated": true}, {"name": "Israel", "latitude": "30.8124247", "longitude": "34.8594762", "RAG_estimated": true}, {"name": "Turkey", "latitude": "38.9597594", "longitude": "34.9249653", "RAG_estimated": true}, {"name": "Syrian territories", "latitude": 35.0, "longitude": 38.0, "RAG_estimated": false}, {"name": "Iranian", "latitude": 35, "longitude": 51, "RAG_estimated": false}, {"name": "Syrian lands", "latitude": 35.0, "longitude": 38.0, "RAG_estimated": false}, {"name": "Zionists", "latitude": 30.0, "longitude": 34.0, "RAG_estimated": false}, {"name": "Tehran", "latitude": "35.6892523", "longitude": "51.3896004", "RAG_estimated": true}, {"name": "Syrian territories it controls", "latitude": 34.5415, "longitude": 38.852, "RAG_estimated": false}, {"name": "DAMASCUS", "latitude": "33.5130695", "longitude": "36.3095814", "RAG_estimated": true}], [{"name": "Gaza", "latitude": "31.5128679", "longitude": "34.4581358", "RAG_estimated": true}, {"name": "Columbia", "latitude": "34.0003117", "longitude": "-81.0331309", "RAG_estimated": true}, {"name": "Accra", "latitude": "5.5571096", "longitude": "-0.2012376", "RAG_estimated": true}, {"name": "Israeli", "latitude": "30.8124247", "longitude": "34.8594762", "RAG_estimated": true}, {"name": "Covid-19", "latitude": 0, "longitude": 0, "RAG_estimated": false}, {"name": "Israeli apartheid", "latitude": 30.812, "longitude": 34.8592, "RAG_estimated": false}], [{"name": "Uttar Pradesh", "latitude": "27.1303344", "longitude": "80.859666", "RAG_estimated": true}, {"name": "Agra", "latitude": "27.1752554", "longitude": "78.0098161", "RAG_estimated": true}], [{"name": "Hebei", "latitude": "39.0000001", "longitude": "116.0", "RAG_estimated": false}, {"name": "China", "latitude": 35.0, "longitude": 105.0, "RAG_estimated": false}, {"name": "Vatican", "latitude": "41.903411", "longitude": "12.4528527", "RAG_estimated": true}, {"name": "Beijing", "latitude": "40.190632", "longitude": "116.412144", "RAG_estimated": true}, {"name": "Baoding", "latitude": "38.8579735", "longitude": "115.490696", "RAG_estimated": true}], [{"name": "China", "latitude": "35.000074", "longitude": "104.999927", "RAG_estimated": true}, {"name": "Hawaii", "latitude": "19.593801499999998", "longitude": "-155.42837009716908", "RAG_estimated": true}, {"name": "England", "latitude": "52.5310214", "longitude": "-1.2649062", "RAG_estimated": true}, {"name": "United States", "latitude": "39.7837304", "longitude": "-100.445882", "RAG_estimated": true}, {"name": "Chinese", "latitude": 30, "longitude": 90, "RAG_estimated": false}], [{"name": "ZT7000", "latitude": 30.2, "longitude": -94.1, "RAG_estimated": false}, {"name": "ZT6000", "latitude": 41.4, "longitude": -87.7, "RAG_estimated": false}, {"name": "Z726XKW", "latitude": 48.6999, "longitude": 9.39998, "RAG_estimated": false}, {"name": "ZT6100", "latitude": 48.08, "longitude": 11.63, "RAG_estimated": false}, {"name": "ZTX-6", "latitude": 30.0, "longitude": -91.0, "RAG_estimated": false}, {"name": "TX", "latitude": "31.2638905", "longitude": "-98.5456116", "RAG_estimated": true}], [{"name": "U.S.", "latitude": 39.76, "longitude": -98.5, "RAG_estimated": false}, {"name": "Argentina", "latitude": "-34.9964963", "longitude": "-64.9672817", "RAG_estimated": true}, {"name": "Japan", "latitude": "36.5748441", "longitude": "139.2394179", "RAG_estimated": true}, {"name": "Venezuela", "latitude": "8.0018709", "longitude": "-66.1109318", "RAG_estimated": true}, {"name": "Caracas", "latitude": "10.5060934", "longitude": "-66.9146008", "RAG_estimated": true}, {"name": "Canada", "latitude": "61.0666922", "longitude": "-107.991707", "RAG_estimated": true}, {"name": "Latin America", "latitude": 12.0, "longitude": -75.0, "RAG_estimated": false}, {"name": "West Coast", "latitude": 10, "longitude": -66, "RAG_estimated": false}, {"name": "Maracay", "latitude": "10.2375144", "longitude": "-67.5890216", "RAG_estimated": true}, {"name": "Venezuelans", "latitude": 7.25, "longitude": -70.0, "RAG_estimated": false}, {"name": "United States", "latitude": "39.7837304", "longitude": "-100.445882", "RAG_estimated": true}], [{"name": "Gujranwala", "latitude": "32.1525312", "longitude": "74.1933745", "RAG_estimated": true}, {"name": "Pakistan", "latitude": "30.3308401", "longitude": "71.247499", "RAG_estimated": true}, {"name": "GUJRANWALA", "latitude": "32.1525312", "longitude": "74.1933745", "RAG_estimated": true}], [{"name": "Turkey", "latitude": "38.9597594", "longitude": "34.9249653", "RAG_estimated": true}, {"name": "Romania", "latitude": "45.9852129", "longitude": "24.6859225", "RAG_estimated": true}, {"name": "Bucharest", "latitude": "44.4361414", "longitude": "26.1027202", "RAG_estimated": true}], [{"name": "Mombasa", "latitude": "-4.05052", "longitude": "39.667169", "RAG_estimated": true}, {"name": "Germany", "latitude": "51.1638175", "longitude": "10.4478313", "RAG_estimated": true}, {"name": "Kenya", "latitude": "1.4419683", "longitude": "38.4313975", "RAG_estimated": true}, {"name": "Frankfurt/Main", "latitude": "50.1106444", "longitude": "8.6820917", "RAG_estimated": true}], [{"name": "Minnesota", "latitude": "45.9896587", "longitude": "-94.6113288", "RAG_estimated": true}, {"name": "Chicago", "latitude": "41.8755616", "longitude": "-87.6244212", "RAG_estimated": true}, {"name": "Salt Lake City", "latitude": "40.7596198", "longitude": "-111.886797", "RAG_estimated": true}, {"name": "Cook County", "latitude": "41.8197385", "longitude": "-87.756525", "RAG_estimated": true}, {"name": "Europe", "latitude": 51.0, "longitude": 10.0, "RAG_estimated": true}], [{"name": "Australia", "latitude": "-24.7761086", "longitude": "134.755", "RAG_estimated": true}, {"name": "Navi Mumbai", "latitude": "19.0308262", "longitude": "73.0198537", "RAG_estimated": true}, {"name": "India", "latitude": "22.3511148", "longitude": "78.6677428", "RAG_estimated": true}, {"name": "Western Sydney", "latitude": -33.9, "longitude": 150.85, "RAG_estimated": false}], [{"name": "Wengyuan", "latitude": "24.4115224", "longitude": "114.0540261", "RAG_estimated": true}, {"name": "Guangdong", "latitude": "23.1357694", "longitude": "113.1982688", "RAG_estimated": true}, {"name": "Taiwan", "latitude": "23.9739374", "longitude": "120.9820179", "RAG_estimated": true}, {"name": "Guangdong-Taiwan", "latitude": 24.0, "longitude": 115.0, "RAG_estimated": false}, {"name": "Wengyuan core area", "latitude": 27.1331, "longitude": 114.158, "RAG_estimated": false}, {"name": "Guangdong province", "latitude": "23.1357694", "longitude": "113.1982688", "RAG_estimated": true}, {"name": "Shaoguan", "latitude": "24.8136095", "longitude": "113.5922116", "RAG_estimated": true}], [{"name": "Fort", "latitude": 18.9332665, "longitude": 72.8345146, "RAG_estimated": true}, {"name": "Europe", "latitude": 51.0, "longitude": 10.0, "RAG_estimated": false}, {"name": "Churchgate", "latitude": "18.9319334", "longitude": "72.8271436", "RAG_estimated": true}, {"name": "East Asian", "latitude": 0, "longitude": 0, "RAG_estimated": false}, {"name": "Colaba", "latitude": "18.915091", "longitude": "72.8259691", "RAG_estimated": true}, {"name": "Mumbai", "latitude": "19.08157715", "longitude": "72.88662753964906", "RAG_estimated": true}, {"name": "Bombay", "latitude": "18.9733536", "longitude": "72.82810491917377", "RAG_estimated": true}, {"name": "Indian", "latitude": 18.95, "longitude": 72.85, "RAG_estimated": false}, {"name": "UK", "latitude": "54.7023545", "longitude": "-3.2765753", "RAG_estimated": true}, {"name": "Marine Lines", "latitude": "18.9466502", "longitude": "72.8232164", "RAG_estimated": true}], [{"name": "Baku", "latitude": "40.3755885", "longitude": "49.8328009", "RAG_estimated": true}, {"name": "Brazil", "latitude": "-10.3333333", "longitude": "-53.2", "RAG_estimated": true}, {"name": "Azerbaijan", "latitude": "40.3936294", "longitude": "47.7872508", "RAG_estimated": true}, {"name": "Bonn", "latitude": "50.735851", "longitude": "7.10066", "RAG_estimated": true}, {"name": "Colombia", "latitude": "4.099917", "longitude": "-72.9088133", "RAG_estimated": true}, {"name": "Bel\u00e9m", "latitude": "-1.45056", "longitude": "-48.4682453", "RAG_estimated": true}, {"name": "Germany", "latitude": "51.1638175", "longitude": "10.4478313", "RAG_estimated": true}, {"name": "Marrakech", "latitude": "31.6258257", "longitude": "-7.9891608", "RAG_estimated": true}, {"name": "Global South", "latitude": 23.1, "longitude": 80.1, "RAG_estimated": false}, {"name": "Global North", "latitude": 63.0, "longitude": -150.0, "RAG_estimated": false}], [{"name": "China", "latitude": "35.000074", "longitude": "104.999927", "RAG_estimated": true}, {"name": "Hong Kong", "latitude": "22.350627", "longitude": "114.1849161", "RAG_estimated": true}], [{"name": "Iran", "latitude": "32.6475314", "longitude": "54.5643516", "RAG_estimated": true}, {"name": "Shiraz", "latitude": "29.6060218", "longitude": "52.5378041", "RAG_estimated": true}, {"name": "Iranian", "latitude": 32, "longitude": 57, "RAG_estimated": false}, {"name": "Persepolis", "latitude": "29.93516685", "longitude": "52.89040414267539", "RAG_estimated": true}, {"name": "Isfahan", "latitude": "33.1881386", "longitude": "52.4981635", "RAG_estimated": true}], [{"name": "Ukraine", "latitude": "49.4871968", "longitude": "31.2718321", "RAG_estimated": true}, {"name": "PRISON COLONY NO. 6", "latitude": 54.766, "longitude": 83.266, "RAG_estimated": false}, {"name": "Siberia", "latitude": "60.0", "longitude": "100.0", "RAG_estimated": true}, {"name": "Latvian", "latitude": 56.0, "longitude": 25.0, "RAG_estimated": false}, {"name": "St. Petersburg", "latitude": "59.9606739", "longitude": "30.1586551", "RAG_estimated": true}, {"name": "Russia", "latitude": "64.6863136", "longitude": "97.7453061", "RAG_estimated": true}, {"name": "Russian", "latitude": "64.6863136", "longitude": "97.7453061", "RAG_estimated": true}, {"name": "OMSK", "latitude": "54.991375", "longitude": "73.371529", "RAG_estimated": true}, {"name": "Soviet", "latitude": 55, "longitude": 60, "RAG_estimated": false}], [{"name": "Shymkent", "latitude": "42.3146962", "longitude": "69.5883282", "RAG_estimated": true}, {"name": "Kazakhstan", "latitude": "48.1012954", "longitude": "66.7780818", "RAG_estimated": true}, {"name": "Bozaryk", "latitude": "42.4275227", "longitude": "69.6375567", "RAG_estimated": true}], [{"name": "Jilin", "latitude": "43.7289674", "longitude": "126.1997366", "RAG_estimated": true}, {"name": "China", "latitude": "35.000074", "longitude": "104.999927", "RAG_estimated": true}, {"name": "US", "latitude": "39.7837304", "longitude": "-100.445882", "RAG_estimated": true}, {"name": "Beijing", "latitude": "40.190632", "longitude": "116.412144", "RAG_estimated": true}, {"name": "Iowa", "latitude": "41.9216734", "longitude": "-93.3122705", "RAG_estimated": true}, {"name": "Beishan Park", "latitude": "43.8402713", "longitude": "126.52105495898005", "RAG_estimated": true}, {"name": "China-US", "latitude": 30, "longitude": -91, "RAG_estimated": false}, {"name": "Beihua", "latitude": "22.965556", "longitude": "120.340833", "RAG_estimated": true}, {"name": "Jilin province", "latitude": "43.7289674", "longitude": "126.1997366", "RAG_estimated": true}, {"name": "American", "latitude": 40, "longitude": -100, "RAG_estimated": false}, {"name": "United States", "latitude": "39.7837304", "longitude": "-100.445882", "RAG_estimated": true}], [{"name": "Spain", "latitude": "39.3260685", "longitude": "-4.8379791", "RAG_estimated": true}, {"name": "U.S.", "latitude": 39.76, "longitude": -98.5, "RAG_estimated": false}, {"name": "Gran Canaria", "latitude": "27.9580004", "longitude": "-15.6062305376665", "RAG_estimated": true}, {"name": "Niger", "latitude": "17.7356214", "longitude": "9.3238432", "RAG_estimated": true}], [{"name": "SHANGHAI", "latitude": "31.2312707", "longitude": "121.4700152", "RAG_estimated": true}, {"name": "China", "latitude": 29.84, "longitude": 101.8, "RAG_estimated": false}, {"name": "Shanghai", "latitude": "31.2312707", "longitude": "121.4700152", "RAG_estimated": true}], [{"name": "Kenya", "latitude": "1.4419683", "longitude": "38.4313975", "RAG_estimated": true}, {"name": "Nairobi", "latitude": "-1.3026148499999999", "longitude": "36.82884201813725", "RAG_estimated": true}, {"name": "US", "latitude": "39.7837304", "longitude": "-100.445882", "RAG_estimated": true}, {"name": "China", "latitude": "35.000074", "longitude": "104.999927", "RAG_estimated": true}, {"name": "New York", "latitude": "40.7127281", "longitude": "-74.0060152", "RAG_estimated": true}, {"name": "Toronto", "latitude": "43.6534817", "longitude": "-79.3839347", "RAG_estimated": true}], [{"name": "D.C.", "latitude": "38.89384735", "longitude": "-76.98804281910948", "RAG_estimated": true}, {"name": "China", "latitude": "35.000074", "longitude": "104.999927", "RAG_estimated": true}, {"name": "United States", "latitude": "39.7837304", "longitude": "-100.445882", "RAG_estimated": true}], [{"name": "Somalia", "latitude": "8.3676771", "longitude": "49.083416", "RAG_estimated": true}, {"name": "Bagdad", "latitude": "33.0112777", "longitude": "44.3849679", "RAG_estimated": true}, {"name": "Bagdad village", "latitude": "34.5723015", "longitude": "-113.1788539", "RAG_estimated": true}, {"name": "Jambaluul", "latitude": "2.1840226", "longitude": "45.1533759", "RAG_estimated": true}, {"name": "Somali", "latitude": "8.3676771", "longitude": "49.083416", "RAG_estimated": true}, {"name": "Gaalgube", "latitude": 1.0, "longitude": 0.0, "RAG_estimated": false}, {"name": "Mogadishu", "latitude": "2.0349312", "longitude": "45.3419183", "RAG_estimated": true}, {"name": "Turkish", "latitude": 36.0, "longitude": 35.0, "RAG_estimated": false}, {"name": "Jaffey", "latitude": 1.0, "longitude": 1.0, "RAG_estimated": false}, {"name": "Gorgaarte", "latitude": 0.0, "longitude": 0.0, "RAG_estimated": false}, {"name": "Al-Shabaab", "latitude": 2.0, "longitude": 45.0, "RAG_estimated": false}, {"name": "Lower Shabelle", "latitude": "1.8427539", "longitude": "44.5937239", "RAG_estimated": true}, {"name": "Alifow", "latitude": "2.2774", "longitude": "45.18922", "RAG_estimated": true}, {"name": "Baldooska", "latitude": "2.2942716", "longitude": "45.1883845", "RAG_estimated": true}, {"name": "T\u00fcrkiye", "latitude": "38.9597594", "longitude": "34.9249653", "RAG_estimated": true}], [{"name": "Dhaka", "latitude": "23.7644025", "longitude": "90.389015", "RAG_estimated": true}, {"name": "Chauddagram", "latitude": "23.22597", "longitude": "91.3134783", "RAG_estimated": true}, {"name": "Cumilla", "latitude": "23.420802600000002", "longitude": "91.07945528172453", "RAG_estimated": true}, {"name": "Kurigram", "latitude": "25.8059698", "longitude": "89.6434304171128", "RAG_estimated": true}, {"name": "Miabazar Highway", "latitude": 23.452, "longitude": 90.866, "RAG_estimated": false}, {"name": "Jhenaihat", "latitude": "24.9504", "longitude": "89.7993", "RAG_estimated": false}, {"name": "Rajarhat", "latitude": 25.80109585, "longitude": 89.53074625944544, "RAG_estimated": true}, {"name": "Ch:M", "latitude": 23.81, "longitude": 90.35, "RAG_estimated": false}], [{"name": "Palembang", "latitude": "-2.9888243", "longitude": "104.7568507", "RAG_estimated": true}, {"name": "Indonesia", "latitude": "-2.4833826", "longitude": "117.8902853", "RAG_estimated": true}, {"name": "PALEMBANG", "latitude": "-2.9888243", "longitude": "104.7568507", "RAG_estimated": true}, {"name": "Jakarta", "latitude": "-6.175247", "longitude": "106.8270488", "RAG_estimated": true}, {"name": "Sumatra", "latitude": "2.1923519", "longitude": "99.3812201", "RAG_estimated": true}, {"name": "South Sumatra", "latitude": "-3.1266842", "longitude": "104.0930554", "RAG_estimated": true}]]